Dist Name,Lat,Lon,SOIL_BDOD,SOIL_CEC,SOIL_CLAY,SOIL_NITROGEN,SOIL_PHH2O,SOIL_SAND,SOIL_SILT,SOIL_SOC
Durg,21.19,81.28,,,,,,,,
Bastar,19.12,81.95,1.46,33.6,28.1,1.61,6.5,39.0,32.9,18.9
Raipur,21.25,81.63,,,,,,,,
Bilaspur,22.09,82.15,,,,,,,,
Raigarh,21.9,83.4,,,,,,,,
Surguja,23.1,83.22,1.6,36.3,41.6,2.02,7.0,19.6,38.8,17.1
Jabalpur,23.18,79.94,,,,,,,,
Balaghat,21.81,80.19,,,,,,,,
Chhindwara,22.06,78.94,,,,,,,,
Narsinghpur,22.95,79.19,,,,,,,,
Seoni / Shivani,22.09,79.54,,,,,,,,
Mandla,22.6,80.38,,,,,,,,
Sagar,23.84,78.74,,,,,,,,
Damoh,23.83,79.44,,,,,,,,
Tikamgarh,24.74,78.83,,,,,,,,
Chhatarpur,24.92,79.59,,,,,,,,
Panna,24.72,80.19,,,,,,,,
Rewa,24.53,81.3,,,,,,,,
Sidhi,24.42,81.88,1.57,34.8,33.2,1.44,7.3,25.9,40.9,11.2
Satna,24.6,80.83,1.59,37.5,30.1,1.28,7.5,22.9,47.0,8.8
Shahdol,23.3,81.36,,,,,,,,
Gwalior,26.22,78.17,,,,,,,,
Shivpuri,25.43,77.66,,,,,,,,
Guna,24.65,77.32,,,,,,,,
Datia,25.67,78.46,,,,,,,,
Morena,26.5,78.0,,,,,,,,
Bhind,26.56,78.79,,,,,,,,
Indore,22.72,75.86,,,,,,,,
Ratlam,23.33,75.04,,,,,,,,
Ujjain,23.18,75.77,,,,,,,,
Mandsaur,24.08,75.08,,,,,,,,
Dewas,22.96,76.05,,,,,,,,
Dhar,22.6,75.3,,,,,,,,
Jhabua,22.77,74.59,,,,,,,,
Khargone / West Nimar,21.82,75.61,1.63,41.8,37.6,1.1,7.4,37.7,24.6,8.3
Khandwa / East Nimar,21.83,76.35,,,,,,,,
Sehore,23.2,77.08,,,,,,,,
Raisen,23.33,77.79,,,,,,,,
Vidisha,23.52,77.81,,,,,,,,
Betul,21.91,77.9,1.59,47.2,46.8,1.52,7.2,19.9,33.3,14.5
Rajgarh,24.02,76.73,1.66,29.0,37.2,1.49,7.5,31.7,31.1,10.7
Shajapur,23.43,76.27,1.66,44.4,38.5,1.08,7.4,21.3,40.2,8.9
Hoshangabad,22.75,77.73,,,,,,,,
Srikakulam,18.29,83.9,,,,,,,,
Visakhapatnam,17.69,83.22,1.36,21.3,26.3,1.53,6.6,40.5,33.2,22.9
East Godavari,17.01,81.78,,,,,,,,
West Godavari,16.91,81.35,1.34,23.2,30.7,1.74,6.4,42.9,26.4,23.4
Krishna,16.61,80.81,1.37,20.3,23.8,1.58,6.5,46.5,29.7,20.3
Guntur,16.3,80.45,,,,,,,,
S.P.S. Nellore,14.44,79.99,,,,,,,,
Kurnool,15.83,78.04,,,,,,,,
Ananthapur,14.68,77.6,,,,,,,,
Kadapa YSR,14.47,78.82,,,,,,,,
Chittoor,13.22,79.1,,,,,,,,
Hyderabad,17.38,78.48,,,,,,,,
Nizamabad,18.67,78.1,,,,,,,,
Medak,18.05,78.27,,,,,,,,
Mahabubnagar,16.74,78.0,1.55,25.8,29.0,1.53,6.8,42.0,29.0,19.4
Nalgonda,17.05,79.27,,,,,,,,
Warangal,17.97,79.6,,,,,,,,
Khammam,17.25,80.15,,,,,,,,
Karimnagar,18.44,79.13,,,,,,,,
Adilabad,19.67,78.53,,,,,,,,
Bangalore,12.97,77.59,1.38,21.1,24.6,2.08,6.4,53.6,21.9,27.6
Kolar,13.14,78.13,,,,,,,,
Tumkur,13.34,77.1,,,,,,,,
Mysore,12.3,76.65,,,,,,,,
Mandya,12.52,76.9,,,,,,,,
Hassan,13.0,76.1,,,,,,,,
Shimoge,13.93,75.57,,,,,,,,
Chickmagalur,13.32,75.78,,,,,,,,
Chitradurga,14.23,76.4,,,,,,,,
Bellary,15.15,76.92,,,,,,,,
Dharwad,15.46,75.01,1.37,26.6,29.3,1.54,6.6,45.6,25.1,21.1
Belgaum,15.85,74.5,1.35,34.6,29.3,1.78,6.3,46.8,23.9,24.6
Bijapur / Vijayapura,16.83,75.72,,,,,,,,
Bidar,17.91,77.52,,,,,,,,
Raichur,16.21,77.36,,,,,,,,
Gulbarga / Kalaburagi,17.33,76.82,,,,,,,,
Dakshina Kannada,12.87,75.21,1.23,18.1,32.2,3.54,5.6,43.6,24.3,39.7
Uttara Kannada,14.79,74.7,1.18,22.9,27.3,3.97,5.7,42.5,30.2,39.8
Kodagu / Coorg,12.42,75.74,,,,,,,,
Chengalpattu MGR / Kanchipuram,12.69,79.97,1.37,18.8,35.7,2.53,6.8,36.8,27.5,37.6
South Arcot / Cuddalore,11.75,79.76,,,,,,,,
North Arcot / Vellore,12.92,79.13,,,,,,,,
Salem,11.66,78.15,,,,,,,,
Coimbatore,11.0,76.96,,,,,,,,
Tiruchirapalli / Trichy,10.8,78.69,,,,,,,,
Thanjavur,10.79,79.14,,,,,,,,
Madurai,9.92,78.12,,,,,,,,
Ramananthapuram,9.37,78.83,,,,,,,,
Thirunelveli,8.73,77.7,,,,,,,,
The Nilgiris,11.41,76.73,0.93,25.2,26.6,5.06,5.7,39.5,33.9,83.6
Kanyakumari,8.09,77.55,,,,,,,,
Bombay,19.08,72.88,,,,,,,,
Thane,19.21,72.98,,,,,,,,
Raigad,18.53,73.18,1.34,25.1,36.7,2.89,6.3,37.1,26.1,27.3
Ratnagiri,16.99,73.3,1.35,25.2,27.6,3.86,6.4,40.2,32.2,38.8
Nasik,20.0,73.79,,,,,,,,
Dhule,20.9,74.78,,,,,,,,
Jalgaon,21.0,75.56,,,,,,,,
Ahmednagar,19.09,74.74,,,,,,,,
Pune,18.52,73.86,,,,,,,,
Satara,17.68,74.0,1.39,27.6,37.6,2.08,6.6,36.7,25.7,27.7
Sangli,16.86,74.57,,,,,,,,
Solapur,17.69,75.91,,,,,,,,
Kolhapur,16.7,74.24,,,,,,,,
Aurangabad,19.88,75.34,,,,,,,,
Parbhani,19.27,76.77,,,,,,,,
Beed,18.99,75.76,,,,,,,,
Nanded,19.15,77.32,,,,,,,,
Osmanabad,18.18,76.04,,,,,,,,
Buldhana,20.53,76.18,,,,,,,,
Akola,20.71,77.0,,,,,,,,
Amarawati,20.93,77.75,,,,,,,,
Yeotmal,20.39,78.13,,,,,,,,
Wardha,20.75,78.6,,,,,,,,
Nagpur,21.15,79.09,,,,,,,,
Bhandara,21.17,79.65,,,,,,,,
Chandrapur,19.96,79.3,,,,,,,,
Ahmedabad,23.03,72.58,,,,,,,,
Amreli,21.6,71.22,,,,,,,,
Banaskantha,24.17,72.44,,,,,,,,
Bharuch,21.7,73.0,,,,,,,,
Vadodara / Baroda,22.3,73.2,,,,,,,,
Bhavnagar,21.76,72.15,,,,,,,,
Valsad,20.59,72.93,1.36,26.8,30.5,1.94,7.3,36.0,33.4,16.8
Dangs,20.76,73.72,1.55,37.4,45.4,2.01,6.8,25.8,28.8,21.1
Jamnagar,22.47,70.07,,,,,,,,
Junagadh,21.52,70.46,,,,,,,,
Kheda,22.75,72.69,,,,,,,,
Kutch,23.73,69.86,1.47,23.1,20.9,1.12,7.8,48.9,30.2,10.4
Mehsana,23.6,72.39,,,,,,,,
Panchmahal,22.76,73.52,1.61,29.3,33.8,1.35,7.2,31.2,35.0,8.3
Rajkot,22.3,70.78,,,,,,,,
Sabarkantha,23.61,73.03,1.54,28.4,27.0,1.72,7.3,39.9,33.2,12.7
Surat,21.17,72.83,,,,,,,,
Surendranagar,22.73,71.65,,,,,,,,
Ajmer,26.45,74.64,,,,,,,,
Alwar,27.56,76.61,,,,,,,,
Banswara,23.54,74.45,1.59,34.0,24.7,1.8,7.0,40.7,34.5,10.9
Barmer,25.75,71.39,,,,,,,,
Bharatpur,27.22,77.49,,,,,,,,
Bhilwara,25.35,74.64,,,,,,,,
Bikaner,28.02,73.31,,,,,,,,
Bundi,25.44,75.64,,,,,,,,
Chittorgarh,24.88,74.62,,,,,,,,
Churu,28.3,74.97,,,,,,,,
Dungarpur,23.84,73.72,,,,,,,,
Ganganagar,29.92,73.88,,,,,,,,
Jaipur,26.91,75.79,,,,,,,,
Jaisalmer,26.91,70.91,,,,,,,,
Jalore,25.35,72.62,,,,,,,,
Jhalawar,24.6,76.16,,,,,,,,
Jhunjhunu,28.13,75.4,,,,,,,,
Jodhpur,26.29,73.02,,,,,,,,
Kota,25.18,75.84,,,,,,,,
Nagaur,27.2,73.74,,,,,,,,
Pali,25.77,73.33,,,,,,,,
Swami Madhopur,26.03,76.35,1.51,22.6,23.3,1.16,7.3,45.9,30.8,8.5
Sikar,27.61,75.15,,,,,,,,
Sirohi,24.89,72.86,,,,,,,,
Tonk,26.17,75.79,,,,,,,,
Udaipur,24.58,73.68,,,,,,,,
Gurdaspur,32.04,75.41,,,,,,,,
Amritsar,31.63,74.87,,,,,,,,
Kapurthala,31.38,75.38,,,,,,,,
Jalandhar,31.33,75.58,,,,,,,,
Hoshiarpur,31.53,75.92,,,,,,,,
Roopnagar / Ropar,30.97,76.52,,,,,,,,
Ludhiana,30.91,75.85,,,,,,,,
Ferozpur,30.92,74.62,,,,,,,,
Bhatinda,30.21,74.95,,,,,,,,
Sangrur,30.24,75.84,,,,,,,,
Patiala,30.34,76.39,,,,,,,,
Hissar,29.17,75.73,,,,,,,,
Gurgaon,28.46,77.03,,,,,,,,
Jind,29.32,76.32,,,,,,,,
Mahendragarh / Narnaul,28.04,76.11,,,,,,,,
Ambala,30.38,76.78,,,,,,,,
Karnal,29.68,76.99,,,,,,,,
Rohtak,28.9,76.58,,,,,,,,
Saharanpur,29.97,77.55,,,,,,,,
Muzaffarnagar,29.47,77.7,,,,,,,,
Meerut,28.98,77.71,,,,,,,,
Buland Shahar,28.41,77.85,,,,,,,,
Aligarh,27.88,78.08,,,,,,,,
Mathura,27.49,77.67,,,,,,,,
Agra,27.18,78.01,,,,,,,,
Mainpuri,27.23,79.0,1.37,13.4,19.8,1.73,8.8,44.3,35.9,17.2
Etah,27.57,78.67,1.41,12.4,21.1,1.32,8.9,49.2,29.7,12.2
Bareilly,28.35,79.42,,,,,,,,
Budaun,28.04,79.13,,,,,,,,
Moradabad,28.84,78.77,,,,,,,,
Shahjahanpur,27.88,79.91,,,,,,,,
Pilibhit,28.63,79.8,,,,,,,,
Rampur,28.81,79.02,,,,,,,,
Bijnor,29.37,78.14,,,,,,,,
Farrukhabad,27.39,79.58,,,,,,,,
Etawah,26.78,79.02,,,,,,,,
Kanpur,26.45,80.33,,,,,,,,
Fatehpur,25.93,80.81,1.37,25.1,21.7,1.43,7.3,31.9,46.4,12.4
Allahabad,25.44,81.84,,,,,,,,
Jhansi,25.45,78.57,,,,,,,,
Jalaun,26.14,79.33,,,,,,,,
Hamirpur,25.95,80.15,,,,,,,,
Banda,25.48,80.34,,,,,,,,
Varanasi,25.32,83.0,,,,,,,,
Mirzpur,25.15,82.57,,,,,,,,
Jaunpur,25.75,82.68,1.42,31.1,31.1,1.69,7.3,28.3,40.6,16.2
Ghazipur,25.58,83.57,,,,,,,,
Ballia,25.76,84.15,,,,,,,,
Gorakhpur,26.76,83.37,,,,,,,,
Deoria,26.5,83.79,,,,,,,,
Basti,26.8,82.73,1.33,18.6,20.9,1.53,7.1,34.2,44.9,17.3
Azamgarh,26.07,83.19,,,,,,,,
Lucknow,26.85,80.95,,,,,,,,
Unnao,26.55,80.49,,,,,,,,
Rae-Bareily,26.23,81.24,,,,,,,,
Sitapur,27.56,80.68,1.35,15.4,22.1,1.52,7.3,40.8,37.1,19.2
Hardoi,27.4,80.13,,,,,,,,
Kheri,27.9,80.78,,,,,,,,
Faizabad,26.77,82.14,,,,,,,,
Gonda,27.13,81.96,,,,,,,,
Bahraich,27.57,81.59,,,,,,,,
Sultanpur,26.26,82.07,,,,,,,,
Pratapgarh,25.9,81.99,,,,,,,,
Barabanki,26.94,81.19,,,,,,,,
Nainital,29.39,79.46,1.02,24.2,26.9,5.12,5.8,32.9,40.2,96.3
Almorah,29.6,79.65,1.18,21.2,20.0,4.04,6.0,33.9,46.2,47.6
Pithorgarh,29.58,80.22,,,,,,,,
Chamoli,30.41,79.32,1.23,25.3,25.2,4.71,6.2,34.1,40.7,54.6
Uttar Kashi,30.73,78.45,1.24,23.5,23.8,4.61,6.2,36.2,40.0,48.9
Tehri Garhwal,30.39,78.48,1.28,21.9,23.0,4.51,6.3,38.9,38.1,45.7
Garhwal,30.39,78.78,1.16,24.8,24.9,5.37,6.0,35.9,39.2,62.1
Dehradun,30.32,78.03,,,,,,,,
Cachar,24.83,92.76,,,,,,,,
Darrang,26.45,92.05,,,,,,,,
Dibrugarh,27.48,95.0,1.23,16.8,27.9,3.79,5.6,43.6,28.6,33.4
Goalpara,26.17,90.62,1.29,19.3,28.0,1.84,5.7,43.8,28.3,17.8
Kamrup,26.15,91.76,1.27,19.5,29.3,2.61,5.6,33.6,37.1,26.3
Karbi Anglong,26.08,93.57,1.14,23.3,34.0,3.21,5.3,33.3,32.7,38.8
Lakhimpur,27.23,94.1,,,,,,,,
North Cachar Hil / Dima hasao,25.27,93.06,,,,,,,,
Nagaon,26.35,92.69,,,,,,,,
Sibsagar,26.98,94.64,,,,,,,,
Bilashpur,31.34,76.76,,,,,,,,
Chamba,32.56,76.12,1.26,23.4,23.9,5.26,6.1,45.9,30.3,58.5
Kangra,32.1,76.27,1.29,21.4,28.5,6.01,6.2,37.4,34.1,60.2
Kinnaur,31.59,78.45,1.2,26.7,17.9,5.52,6.6,46.3,35.8,55.7
Kullu,31.96,77.11,,,,,,,,
Lahul & Spiti,32.6,77.6,1.03,33.2,18.6,4.22,6.8,42.1,39.3,47.4
Solan,30.91,77.1,1.22,23.1,27.1,3.84,6.1,36.4,36.5,50.8
Mandi,31.71,76.93,1.27,24.2,25.0,5.05,6.4,36.0,39.0,49.1
Shimla,31.1,77.17,,,,,,,,
Sirmaur,30.56,77.47,,,,,,,,
Alappuzha,9.49,76.32,,,,,,,,
Kannur,11.87,75.35,,,,,,,,
Eranakulam,10.0,76.31,,,,,,,,
Kottayam,9.59,76.52,,,,,,,,
Kozhikode,11.26,75.78,,,,,,,,
Malappuram,11.07,76.07,1.18,15.2,28.6,2.96,5.5,48.3,23.1,42.1
Palakkad,10.77,76.65,,,,,,,,
Kollam,8.89,76.61,,,,,,,,
Thrissur,10.53,76.22,,,,,,,,
Thiruvananthapuram,8.52,76.94,,,,,,,,
Balasore,21.49,86.93,,,,,,,,
Bolangir,20.7,83.49,,,,,,,,
Cuttack,20.46,85.88,,,,,,,,
Dhenkanal,20.65,85.6,1.27,18.2,31.0,2.56,6.2,37.5,31.4,35.0
Ganjam,19.38,84.66,1.32,17.9,28.0,2.05,6.2,40.0,32.0,21.7
Kalahandi,19.91,83.17,,,,,,,,
Keonjhar,21.63,85.58,1.32,17.4,31.6,1.62,6.2,36.6,31.8,25.2
Koraput,18.81,82.72,1.27,18.2,25.7,1.75,6.1,41.1,33.2,24.8
Mayurbhanja,21.94,86.73,,,,,,,,
Phulbani ( Kandhamal ),20.47,84.23,1.38,18.5,30.3,2.21,6.4,41.0,28.7,33.1
Puri,19.81,85.83,,,,,,,,
Sambalpur,21.47,83.97,,,,,,,,
Sundargarh,22.12,84.03,1.48,28.4,36.1,1.51,6.7,26.8,37.1,15.6
24 Parganas,22.28,88.43,1.12,21.7,38.5,3.38,6.3,9.8,51.8,30.3
Nadia,23.47,88.56,1.28,17.6,37.8,1.68,6.6,13.8,48.4,22.5
Murshidabad,24.18,88.27,,,,,,,,
Burdwan,23.23,87.85,,,,,,,,
Birbhum,23.88,87.54,1.34,17.6,21.9,1.32,6.2,41.9,36.1,20.3
Bankura,23.23,87.07,,,,,,,,
Hooghly,22.9,88.39,,,,,,,,
Howrah,22.59,88.31,,,,,,,,
Jalpaiguri,26.54,88.73,1.32,20.7,23.9,2.1,5.7,39.1,37.0,18.5
Darjeeling,27.03,88.26,1.07,27.2,27.5,6.29,5.5,37.7,34.8,67.9
Malda,25.0,88.14,,,,,,,,
Cooch Behar,26.32,89.45,,,,,,,,
Purulia,23.33,86.37,,,,,,,,
Midnapur,22.42,87.32,,,,,,,,
West Dinajpur,25.54,88.74,1.29,18.6,34.3,1.65,6.4,23.7,42.0,19.1
Champaran,26.98,84.49,1.38,16.4,27.2,1.53,6.6,31.8,41.0,19.2
Muzaffarpur,26.12,85.39,,,,,,,,
Darbhanga,26.15,85.9,,,,,,,,
Saharsa,25.88,86.6,,,,,,,,
Purnea,25.77,87.47,,,,,,,,
Saran,25.92,84.75,1.34,18.6,26.3,1.31,7.1,34.8,38.9,19.0
Patna,25.59,85.14,,,,,,,,
Mungair,25.37,86.47,,,,,,,,
Bhagalpur,25.25,86.98,,,,,,,,
Santhal Paragana / Dumka,24.27,87.25,,,,,,,,
Shahabad (now part of Bhojpur district),25.57,84.13,1.4,28.2,28.8,1.45,7.3,27.1,44.1,13.3
Gaya,24.79,85.0,,,,,,,,
Hazaribagh,23.99,85.37,,,,,,,,
Dhanbad,23.8,86.45,,,,,,,,
Palamau,24.0,84.07,1.62,34.8,32.7,1.63,7.3,20.9,46.4,13.9
Ranchi,23.35,85.33,,,,,,,,
Singhbhum,22.8,85.83,1.42,23.8,36.7,1.95,6.2,32.7,30.5,22.9
