district,status,n_train_years,n_test_years,test_rmse,ci_coverage
24 Parganas,ok,38.0,20.0,132.3946823398002,1.0
Adilabad,ok,38.0,20.0,152.13920585998693,1.0
Agra,ok,38.0,20.0,107.59006244574313,1.0
Ahmedabad,ok,38.0,20.0,451.7320880599343,0.95
Ahmednagar,ok,38.0,20.0,522.2962425108191,0.9
Ajmer,ok,27.0,18.0,472.7231130444429,0.6666666666666666
Akola,ok,38.0,15.0,319.7057341470282,0.8666666666666667
Alappuzha,ok,38.0,20.0,310.4584736080266,0.85
Aligarh,ok,38.0,20.0,155.25989084888542,1.0
Allahabad,ok,38.0,20.0,225.43020039005958,1.0
Almorah,ok,25.0,20.0,157.53252004030145,0.9
Alwar,ok,32.0,20.0,771.7186471523253,1.0
Amarawati,ok,38.0,13.0,360.55214865536914,0.6923076923076923
Ambala,ok,38.0,20.0,295.929211958447,0.9
Amreli,skipped (too few test years),,,,
Amritsar,ok,38.0,20.0,187.76235026848383,0.9
Ananthapur,ok,38.0,20.0,212.050072193535,1.0
Aurangabad,ok,38.0,12.0,442.81509295225624,0.8333333333333334
Azamgarh,ok,38.0,20.0,181.62752762192542,1.0
Bahraich,ok,38.0,20.0,213.58792189750653,1.0
Balaghat,ok,38.0,20.0,411.38846071665836,0.45
Balasore,ok,38.0,20.0,226.50643692932454,0.95
Ballia,ok,38.0,20.0,254.05409287151423,0.95
Banaskantha,ok,23.0,11.0,276.92143825494145,1.0
Banda,ok,38.0,20.0,316.8432910955147,0.95
Bangalore,ok,38.0,20.0,193.51186463743483,1.0
Bankura,ok,38.0,20.0,62.2892756298831,1.0
Banswara,ok,38.0,20.0,233.75795494541535,1.0
Barabanki,ok,38.0,20.0,345.2943567799917,0.7
Bareilly,ok,38.0,20.0,267.62759505114167,0.9
Bastar,ok,38.0,20.0,345.3523446938486,0.75
Basti,ok,38.0,20.0,230.29294033159158,1.0
Beed,ok,38.0,19.0,130.33566236360568,1.0
Belgaum,ok,38.0,20.0,536.7350710481734,0.85
Bellary,ok,38.0,20.0,133.2749294292983,1.0
Betul,ok,38.0,20.0,577.0934380410811,0.35
Bhagalpur,ok,37.0,20.0,1239.198334660808,0.0
Bhandara,ok,38.0,20.0,547.3632095452167,0.35
Bharatpur,ok,38.0,20.0,353.6526718383034,1.0
Bharuch,ok,38.0,20.0,206.46220618394906,1.0
Bhatinda,ok,38.0,20.0,208.2246321725105,1.0
Bhavnagar,ok,34.0,10.0,230.2609151371864,1.0
Bhilwara,ok,23.0,20.0,182.5331958916679,1.0
Bhind,ok,38.0,20.0,1023.5441636570423,0.15
Bidar,ok,38.0,20.0,227.25223521170952,1.0
Bijapur / Vijayapura,ok,38.0,20.0,162.02595091811565,1.0
Bijnor,ok,38.0,20.0,193.7154991068181,0.95
Bikaner,ok,17.0,19.0,280.4195628514369,0.9473684210526315
Bilashpur,ok,36.0,20.0,349.31620847782426,0.9
Bilaspur,ok,38.0,20.0,237.00876229032977,0.95
Birbhum,ok,38.0,20.0,160.25411828384136,1.0
Bolangir,ok,38.0,20.0,705.7527953691159,0.2
Bombay,ok,20.0,10.0,355.9857925420812,1.0
Budaun,ok,38.0,20.0,185.74665819526848,0.95
Buland Shahar,ok,38.0,20.0,127.78698531007514,1.0
Buldhana,ok,35.0,10.0,54.45310713626007,1.0
Bundi,ok,38.0,20.0,377.45328942180385,0.95
Burdwan,ok,38.0,20.0,111.6908063420992,1.0
Cachar,ok,38.0,20.0,222.63366108375197,0.95
Chamba,ok,36.0,20.0,127.13769362650014,1.0
Chamoli,ok,25.0,20.0,83.18399938020664,0.9
Champaran,ok,38.0,20.0,479.38472750971437,0.8
Chandrapur,ok,38.0,20.0,221.85257288645732,1.0
Chengalpattu MGR / Kanchipuram,ok,38.0,20.0,384.11937911305233,0.85
Chhatarpur,ok,38.0,20.0,159.3368620176798,0.95
Chhindwara,ok,38.0,20.0,574.997677540381,0.2
Chickmagalur,ok,38.0,20.0,100.15969586405417,1.0
Chitradurga,ok,38.0,20.0,88.36626555568076,1.0
Chittoor,ok,38.0,20.0,285.62913810889154,0.8
Chittorgarh,ok,38.0,20.0,204.28750356801316,1.0
Churu,skipped (too few years),,,,
Coimbatore,ok,38.0,20.0,692.995837933951,0.8
Cooch Behar,ok,38.0,20.0,198.9931418507048,0.7
Cuttack,ok,38.0,20.0,274.9343842571285,0.95
Dakshina Kannada,ok,38.0,20.0,100.48939123373293,1.0
Damoh,ok,38.0,20.0,525.7590914812563,0.2
Dangs,ok,38.0,20.0,451.4198313662676,0.85
Darbhanga,ok,38.0,20.0,574.0852870922259,0.45
Darjeeling,ok,38.0,20.0,163.97131850706342,1.0
Darrang,ok,38.0,20.0,267.2513064414841,0.2
Datia,ok,37.0,20.0,358.7670497524301,0.8
Dehradun,ok,38.0,20.0,81.9652332804727,1.0
Deoria,ok,38.0,20.0,288.9673629968193,0.95
Dewas,ok,38.0,19.0,181.88492442814476,0.8421052631578947
Dhanbad,ok,35.0,20.0,595.8802786951189,0.75
Dhar,ok,38.0,19.0,148.34633656372176,0.8421052631578947
Dharwad,ok,38.0,20.0,549.0007072894188,0.95
Dhenkanal,ok,38.0,20.0,683.8823546834996,0.35
Dhule,ok,38.0,20.0,319.7620635029005,0.75
Dibrugarh,ok,33.0,20.0,172.04210535405676,0.8
Dungarpur,ok,38.0,20.0,237.50949453870732,0.9
Durg,ok,38.0,20.0,251.12734512815658,0.85
East Godavari,ok,38.0,20.0,282.99547304687536,0.95
Eranakulam,ok,38.0,20.0,94.31660469475449,0.95
Etah,ok,38.0,20.0,238.5476236946184,0.95
Etawah,ok,38.0,20.0,159.98320387624938,1.0
Faizabad,ok,38.0,20.0,221.42667453015576,0.95
Farrukhabad,ok,38.0,20.0,204.56449751060313,0.95
Fatehpur,ok,38.0,20.0,234.83608678856672,1.0
Ferozpur,ok,38.0,20.0,153.95241347055008,1.0
Ganganagar,ok,38.0,20.0,434.37017830362953,1.0
Ganjam,ok,38.0,20.0,495.47207555436245,0.85
Garhwal,ok,25.0,20.0,165.9552127799408,0.95
Gaya,ok,38.0,20.0,650.0145051858219,0.75
Ghazipur,ok,38.0,20.0,165.27537322691214,1.0
Goalpara,ok,38.0,20.0,188.8528326600994,0.6
Gonda,ok,38.0,20.0,148.4466094684924,1.0
Gorakhpur,ok,38.0,20.0,106.31186874609917,1.0
Gulbarga / Kalaburagi,ok,38.0,20.0,368.6930883930629,0.95
Guna,ok,38.0,20.0,638.4065568687312,0.3
Guntur,ok,38.0,20.0,401.73806800692324,0.85
Gurdaspur,ok,38.0,20.0,241.82978347559344,0.75
Gurgaon,ok,38.0,20.0,321.18377250010917,0.9
Gwalior,ok,38.0,20.0,518.8402061033839,0.8
Hamirpur,ok,38.0,20.0,345.5989083290382,0.8
Hardoi,ok,38.0,20.0,233.74419216628738,0.85
Hassan,ok,38.0,20.0,192.18441888779893,1.0
Hazaribagh,ok,35.0,20.0,530.0859499650588,0.75
Hissar,ok,38.0,20.0,158.3901702568553,1.0
Hooghly,ok,38.0,20.0,108.05329631988666,1.0
Hoshangabad,ok,38.0,20.0,420.8052237904585,0.8
Hoshiarpur,ok,38.0,20.0,142.08838613185011,1.0
Howrah,ok,38.0,20.0,314.01077175461603,0.9
Hyderabad,ok,38.0,20.0,164.081829270788,1.0
Indore,ok,28.0,11.0,74.99825582488498,1.0
Jabalpur,ok,38.0,20.0,442.75943357045674,0.25
Jaipur,skipped (too few years),,,,
Jaisalmer,skipped (too few years),,,,
Jalandhar,ok,38.0,20.0,192.38789045984785,1.0
Jalaun,ok,38.0,20.0,376.64953712926615,0.7
Jalgaon,ok,38.0,14.0,299.77425354679775,0.9285714285714286
Jalore,skipped (too few years),,,,
Jalpaiguri,ok,38.0,20.0,220.14476029493048,0.9
Jamnagar,ok,18.0,10.0,1129.5061520708089,0.7
Jaunpur,ok,38.0,20.0,177.2029252013976,1.0
Jhabua,ok,38.0,20.0,194.71615671405957,0.75
Jhalawar,ok,37.0,20.0,628.2632759089573,0.7
Jhansi,ok,38.0,20.0,501.36041150849735,0.3
Jhunjhunu,skipped (too few years),,,,
Jind,ok,38.0,20.0,317.95173686472987,0.9
Jodhpur,skipped (too few years),,,,
Junagadh,ok,32.0,11.0,250.44527183277708,1.0
Kadapa YSR,ok,38.0,20.0,434.4711042321594,0.75
Kalahandi,ok,38.0,20.0,579.4676029250767,0.2
Kamrup,ok,38.0,20.0,217.59577581034432,0.25
Kangra,ok,36.0,20.0,132.93919487270165,0.95
Kannur,ok,38.0,20.0,75.46112771105578,0.95
Kanpur,ok,38.0,20.0,224.694618139793,0.95
Kanyakumari,ok,38.0,20.0,336.4998467928159,0.95
Kapurthala,ok,38.0,20.0,163.0275984386722,1.0
Karbi Anglong,ok,38.0,20.0,246.0025999063481,0.75
Karimnagar,ok,38.0,20.0,134.5812236824154,1.0
Karnal,ok,38.0,20.0,290.3801897065795,0.85
Keonjhar,ok,38.0,20.0,300.5809518541485,0.85
Khammam,ok,38.0,20.0,246.27999018523047,1.0
Khandwa / East Nimar,ok,38.0,20.0,280.9126393167594,0.75
Khargone / West Nimar,ok,38.0,20.0,433.07064079546785,0.4
Kheda,ok,38.0,20.0,426.538422047763,0.95
Kheri,ok,38.0,20.0,232.90455738204696,0.95
Kinnaur,ok,29.0,20.0,385.4989980113108,0.75
Kodagu / Coorg,ok,38.0,20.0,128.29132025913773,1.0
Kolar,ok,38.0,20.0,330.11959550265243,0.95
Kolhapur,ok,38.0,20.0,237.29270286235928,0.95
Kollam,ok,38.0,20.0,189.38460522620466,0.85
Koraput,ok,38.0,20.0,370.6381828946082,0.6
Kota,ok,38.0,20.0,272.08933206781325,1.0
Kottayam,ok,38.0,20.0,163.6844672474349,0.95
Kozhikode,ok,38.0,20.0,105.12061057282591,0.85
Krishna,ok,38.0,20.0,293.0581161449468,0.9
Kullu,ok,36.0,20.0,90.17367543704782,1.0
Kurnool,ok,38.0,20.0,373.31413698816993,0.8
Lakhimpur,ok,38.0,20.0,1115.2380779796977,0.05
Lucknow,ok,38.0,20.0,181.85972142485235,0.95
Ludhiana,ok,38.0,20.0,207.4361586670977,1.0
Madurai,ok,38.0,20.0,405.8180230854456,1.0
Mahabubnagar,ok,38.0,20.0,184.2202428694744,1.0
Mahendragarh / Narnaul,ok,9.0,20.0,299.84701871681017,1.0
Mainpuri,ok,38.0,20.0,117.30922377144122,1.0
Malappuram,ok,34.0,20.0,119.47161749972207,0.95
Malda,ok,38.0,20.0,169.34198263034472,0.95
Mandi,ok,36.0,20.0,161.92350315395652,0.95
Mandla,ok,38.0,20.0,550.7196692181475,0.3
Mandsaur,ok,28.0,11.0,148.60679923928163,1.0
Mandya,ok,38.0,20.0,172.24784014438995,1.0
Mathura,ok,38.0,20.0,210.99521123293138,0.95
Mayurbhanja,ok,38.0,20.0,259.3768954364495,0.85
Medak,ok,38.0,20.0,245.96046604318275,1.0
Meerut,ok,38.0,20.0,183.00201153762288,0.95
Mehsana,ok,38.0,20.0,247.54910837861425,1.0
Midnapur,ok,38.0,20.0,106.16864781292792,1.0
Mirzpur,ok,38.0,20.0,258.9049639434237,1.0
Moradabad,ok,38.0,20.0,241.65145882407683,0.9
Morena,ok,38.0,20.0,590.2148505609541,0.9
Mungair,ok,38.0,20.0,818.9799878115715,0.2
Murshidabad,ok,38.0,20.0,156.4669368881497,1.0
Muzaffarnagar,ok,38.0,20.0,128.60257215911756,1.0
Muzaffarpur,ok,38.0,20.0,572.7238278741062,0.6
Mysore,ok,38.0,20.0,297.94392579752594,1.0
Nadia,ok,38.0,20.0,115.52316595928885,1.0
Nagaon,ok,38.0,20.0,246.1694329282558,1.0
Nagpur,ok,38.0,20.0,192.65105061329047,0.9
Nainital,ok,38.0,20.0,208.30426331608933,1.0
Nalgonda,ok,38.0,20.0,175.3650669855101,1.0
Nanded,ok,38.0,15.0,174.4144858372559,1.0
Narsinghpur,ok,38.0,20.0,500.88893855793384,0.5
Nasik,ok,38.0,20.0,386.00578013927367,0.65
Nizamabad,ok,38.0,20.0,334.3055013633119,0.95
North Arcot / Vellore,ok,38.0,20.0,516.983285633641,0.8
North Cachar Hil / Dima hasao,ok,34.0,20.0,321.45310345980977,0.7
Osmanabad,ok,38.0,19.0,198.50530336417765,0.8947368421052632
Palakkad,ok,38.0,20.0,161.3520000393606,0.9
Palamau,ok,35.0,19.0,1208.2737084349963,0.8421052631578947
Pali,ok,12.0,10.0,626.6668461824704,0.7
Panchmahal,ok,38.0,20.0,931.0057800390201,0.2
Panna,ok,38.0,20.0,272.09924791649945,0.7
Parbhani,ok,38.0,18.0,104.81732921985306,1.0
Patiala,ok,38.0,20.0,216.36650258481555,0.95
Patna,ok,38.0,20.0,680.960384679621,0.7
Phulbani ( Kandhamal ),ok,38.0,20.0,331.3272875347168,0.8
Pilibhit,ok,38.0,20.0,278.81196232196277,0.9
Pithorgarh,ok,25.0,20.0,66.13195581365112,0.95
Pratapgarh,ok,38.0,20.0,206.52349071413838,0.95
Pune,ok,38.0,20.0,271.66063920966536,1.0
Puri,ok,38.0,20.0,349.0901884386682,0.85
Purnea,ok,38.0,20.0,500.4516170948933,0.3
Purulia,ok,38.0,20.0,261.15958703820434,0.85
Rae-Bareily,ok,38.0,20.0,145.28648469340084,0.95
Raichur,ok,38.0,20.0,98.1618380836759,1.0
Raigad,ok,38.0,20.0,194.28683932678592,1.0
Raigarh,ok,38.0,20.0,162.5654901412202,0.9
Raipur,ok,38.0,20.0,203.6340991342888,1.0
Raisen,ok,38.0,20.0,519.5305161836789,0.25
Rajgarh,ok,38.0,20.0,292.48108392391407,0.85
Rajkot,ok,22.0,10.0,1442.4164428215054,0.8
Ramananthapuram,ok,38.0,20.0,817.4048685151492,0.85
Rampur,ok,38.0,20.0,258.01575911984753,0.9
Ranchi,ok,35.0,20.0,410.6850426078215,0.85
Ratlam,ok,38.0,18.0,173.40135306036245,0.7777777777777778
Ratnagiri,ok,38.0,20.0,133.77431041368988,1.0
Rewa,ok,38.0,20.0,499.49039382770917,0.3
Rohtak,ok,38.0,20.0,289.260379438237,0.95
Roopnagar / Ropar,ok,38.0,20.0,207.57533614702322,1.0
S.P.S. Nellore,ok,38.0,20.0,199.41314765333112,1.0
Sabarkantha,ok,38.0,20.0,365.3293738290529,0.9
Sagar,ok,38.0,20.0,208.88299011065757,0.65
Saharanpur,ok,38.0,20.0,166.75322730180858,0.95
Saharsa,ok,38.0,20.0,935.4655655979232,1.0
Salem,ok,38.0,20.0,346.88168411435873,0.85
Sambalpur,ok,38.0,20.0,356.1946691352791,0.9
Sangli,ok,38.0,20.0,320.9234704042974,0.95
Sangrur,ok,38.0,20.0,201.81767956825902,1.0
Santhal Paragana / Dumka,ok,35.0,20.0,396.6076652073155,0.8
Saran,ok,38.0,20.0,400.08477162857224,0.75
Satara,ok,38.0,20.0,200.18893706195013,1.0
Satna,ok,38.0,20.0,456.7675250951263,0.2
Sehore,ok,38.0,20.0,799.7304599559379,0.15
Seoni / Shivani,ok,38.0,20.0,1152.9989259356216,0.3
Shahabad (now part of Bhojpur district),ok,38.0,20.0,582.21127877703,0.85
Shahdol,ok,38.0,20.0,782.9588376762614,0.25
Shahjahanpur,ok,38.0,20.0,297.02920441988175,0.9
Shajapur,ok,38.0,18.0,210.7858814344274,0.7222222222222222
Shimla,ok,36.0,20.0,194.8439917922661,1.0
Shimoge,ok,38.0,20.0,403.7737344605589,0.9
Shivpuri,ok,38.0,20.0,567.3475397781273,0.35
Sibsagar,ok,38.0,20.0,212.74954705050416,0.7
Sidhi,ok,38.0,20.0,369.88291031475427,0.55
Sikar,skipped (too few years),,,,
Singhbhum,ok,35.0,20.0,460.4041724477876,0.7
Sirmaur,ok,36.0,19.0,438.5711128490641,0.9473684210526315
Sirohi,ok,18.0,12.0,111.74078314074501,1.0
Sitapur,ok,38.0,20.0,215.22103309977533,1.0
Solan,ok,36.0,20.0,184.01421258929605,1.0
Solapur,ok,38.0,14.0,308.8919415216142,1.0
South Arcot / Cuddalore,ok,38.0,20.0,515.4920212385392,0.9
Srikakulam,ok,38.0,20.0,416.6446641986886,0.85
Sultanpur,ok,38.0,20.0,244.93598219902765,0.9
Sundargarh,ok,38.0,20.0,636.9342620687175,0.2
Surat,ok,38.0,20.0,141.74252998568159,1.0
Surendranagar,ok,35.0,18.0,421.5647762331006,0.8333333333333334
Surguja,ok,38.0,20.0,242.4545799688137,0.6
Swami Madhopur,ok,37.0,20.0,325.92927522677616,0.95
Tehri Garhwal,ok,25.0,20.0,82.3921346046813,1.0
Thane,ok,38.0,20.0,390.8247410169951,1.0
Thanjavur,ok,38.0,20.0,1006.0981650000666,0.65
The Nilgiris,ok,38.0,20.0,348.06520548630385,1.0
Thirunelveli,ok,38.0,20.0,469.11641978073874,0.95
Thiruvananthapuram,ok,38.0,20.0,135.75215106168093,0.9
Thrissur,ok,38.0,20.0,147.00492712079838,0.95
Tikamgarh,ok,38.0,20.0,122.91155868485943,0.95
Tiruchirapalli / Trichy,ok,38.0,20.0,619.0400096850185,0.7
Tonk,skipped (too few years),,,,
Tumkur,ok,38.0,20.0,217.06006741303466,1.0
Udaipur,ok,38.0,20.0,163.03985051731857,1.0
Ujjain,ok,25.0,10.0,66.64190145761742,1.0
Unnao,ok,38.0,20.0,161.54402023536176,0.95
Uttar Kashi,ok,25.0,20.0,284.2999775023097,0.7
Uttara Kannada,ok,38.0,20.0,396.6673513740277,0.55
Vadodara / Baroda,ok,38.0,20.0,383.45378769814135,0.9
Valsad,ok,38.0,20.0,176.09982755771347,1.0
Varanasi,ok,38.0,20.0,263.5404782891676,1.0
Vidisha,ok,38.0,20.0,313.6850890059114,0.6
Visakhapatnam,ok,38.0,20.0,197.89410495395853,1.0
Warangal,ok,38.0,20.0,169.11117221049832,1.0
Wardha,ok,38.0,12.0,430.7117805773409,0.8333333333333334
West Dinajpur,ok,32.0,20.0,116.26687348761034,0.95
West Godavari,ok,38.0,20.0,220.31448858670896,1.0
Yeotmal,ok,38.0,16.0,415.5540051978126,0.8125
